minister,page_name,role,label,value
Hon Chris Bishop,Chris Bishop,"The Honourable
Chris Bishop
MP",Dates,Bishop in 2023
Hon Chris Bishop,Chris Bishop,13th Leader of the House,Dates,"In office
27 November 2023 – 7 April 2026"
Hon Chris Bishop,Chris Bishop,13th Leader of the House,Prime Minister,Christopher Luxon
Hon Chris Bishop,Chris Bishop,13th Leader of the House,Preceded by,Grant Robertson
Hon Chris Bishop,Chris Bishop,13th Leader of the House,Succeeded by,Louise Upston
Hon Chris Bishop,Chris Bishop,35th Attorney-General of New Zealand,Dates,Incumbent
Hon Chris Bishop,Chris Bishop,35th Attorney-General of New Zealand,Dates,"Assumed office
7 April 2026"
Hon Chris Bishop,Chris Bishop,35th Attorney-General of New Zealand,Prime Minister,Christopher Luxon
Hon Chris Bishop,Chris Bishop,35th Attorney-General of New Zealand,Preceded by,Judith Collins
Hon Chris Bishop,Chris Bishop,30th Minister of Transport,Dates,Incumbent
Hon Chris Bishop,Chris Bishop,30th Minister of Transport,Dates,"Assumed office
24 January 2025"
Hon Chris Bishop,Chris Bishop,30th Minister of Transport,Prime Minister,Christopher Luxon
Hon Chris Bishop,Chris Bishop,30th Minister of Transport,Preceded by,Simeon Brown
Hon Chris Bishop,Chris Bishop,6th Minister for Housing,Dates,Incumbent
Hon Chris Bishop,Chris Bishop,6th Minister for Housing,Dates,"Assumed office
27 November 2023"
Hon Chris Bishop,Chris Bishop,6th Minister for Housing,Prime Minister,Christopher Luxon
Hon Chris Bishop,Chris Bishop,6th Minister for Housing,Preceded by,Megan Woods
Hon Chris Bishop,Chris Bishop,29th Minister for Infrastructure,Dates,Incumbent
Hon Chris Bishop,Chris Bishop,29th Minister for Infrastructure,Dates,"Assumed office
27 November 2023"
Hon Chris Bishop,Chris Bishop,29th Minister for Infrastructure,Prime Minister,Christopher Luxon
Hon Chris Bishop,Chris Bishop,29th Minister for Infrastructure,Preceded by,Megan Woods
Hon Chris Bishop,Chris Bishop,1st Minister Responsible for RMA Reform,Dates,Incumbent
Hon Chris Bishop,Chris Bishop,1st Minister Responsible for RMA Reform,Dates,"Assumed office
27 November 2023"
Hon Chris Bishop,Chris Bishop,1st Minister Responsible for RMA Reform,Prime Minister,Christopher Luxon
Hon Chris Bishop,Chris Bishop,1st Minister Responsible for RMA Reform,Preceded by,Office established
Hon Chris Bishop,Chris Bishop,12th Minister for Sport and Recreation,Dates,"In office
27 November 2023 – 24 January 2025"
Hon Chris Bishop,Chris Bishop,12th Minister for Sport and Recreation,Prime Minister,Christopher Luxon
Hon Chris Bishop,Chris Bishop,12th Minister for Sport and Recreation,Preceded by,Grant Robertson
Hon Chris Bishop,Chris Bishop,12th Minister for Sport and Recreation,Succeeded by,Mark Mitchell
Hon Chris Bishop,Chris Bishop,11th Shadow Leader of the House,Dates,"In office
6 December 2021 – 19 January 2023"
Hon Chris Bishop,Chris Bishop,11th Shadow Leader of the House,Leader,Christopher Luxon
Hon Chris Bishop,Chris Bishop,11th Shadow Leader of the House,Preceded by,Michael Woodhouse
Hon Chris Bishop,Chris Bishop,11th Shadow Leader of the House,Succeeded by,Michael Woodhouse
Hon Chris Bishop,Chris Bishop,11th Shadow Leader of the House,Dates,"In office
16 July 2020 – 27 August 2021"
Hon Chris Bishop,Chris Bishop,11th Shadow Leader of the House,Leader,Judith Collins
Hon Chris Bishop,Chris Bishop,11th Shadow Leader of the House,Preceded by,Gerry Brownlee
Hon Chris Bishop,Chris Bishop,Member of the New Zealand Parliament,Dates,Incumbent
Hon Chris Bishop,Chris Bishop,Member of the New Zealand Parliament,Dates,"Assumed office
20 September 2014"
Hon Chris Bishop,Chris Bishop,Member of the New Zealand Parliament,Constituency,"List (2014–17)
Hutt South (2017–2020)
List (2020–2023)
Hutt South (2023–present)"
Hon Chris Bishop,Chris Bishop,Personal details,Born,"(1983-09-04)4 September 1983(age 42)

Lower Hutt, New Zealand"
Hon Chris Bishop,Chris Bishop,Personal details,Party,National
Hon Chris Bishop,Chris Bishop,Personal details,Spouse,Jenna Raeburn
Hon Chris Bishop,Chris Bishop,Personal details,Children,1
Hon Chris Bishop,Chris Bishop,Personal details,Alma mater,Victoria University of Wellington
Hon Chris Bishop,Chris Bishop,Personal details,Profession,"Manager, Tobacco Lobbyist"
Hon Andrew Hoggard,Andrew Hoggard,"The Honourable
Andrew Hoggard
MP",Dates,Hoggard in 2024
Hon Andrew Hoggard,Andrew Hoggard,8th Minister for Biosecurity,Dates,Incumbent
Hon Andrew Hoggard,Andrew Hoggard,8th Minister for Biosecurity,Dates,"Assumed office
27 November 2023"
Hon Andrew Hoggard,Andrew Hoggard,8th Minister for Biosecurity,Prime Minister,Christopher Luxon
Hon Andrew Hoggard,Andrew Hoggard,8th Minister for Biosecurity,Preceded by,Damien O'Connor
Hon Andrew Hoggard,Andrew Hoggard,"Member of the New Zealand Parliament
for ACT party list",Dates,Incumbent
Hon Andrew Hoggard,Andrew Hoggard,"Member of the New Zealand Parliament
for ACT party list",Dates,"Assumed office
14 October 2023"
Hon Andrew Hoggard,Andrew Hoggard,President of Federated Farmers,Dates,"In office
26 June 2020 – 8 May 2023"
Hon Andrew Hoggard,Andrew Hoggard,President of Federated Farmers,Preceded by,Katie Milne
Hon Andrew Hoggard,Andrew Hoggard,President of Federated Farmers,Succeeded by,Wayne Langford
Hon Andrew Hoggard,Andrew Hoggard,Personal details,Born,"Andrew John Hoggard
1974 or 1975 (age 50–51)"
Hon Andrew Hoggard,Andrew Hoggard,Personal details,Party,ACT (since 2019)
Hon Andrew Hoggard,Andrew Hoggard,Personal details,Education,Heretaunga College
Hon Andrew Hoggard,Andrew Hoggard,Personal details,Alma mater,Massey University
Hon Andrew Hoggard,Andrew Hoggard,Personal details,Occupation,Dairy farmer
Hon Simon Watts,Simon Watts,"The Honourable
Simon Watts
MP",Dates,Watts in 2023
Hon Simon Watts,Simon Watts,33rd Minister of Revenue,Dates,Incumbent
Hon Simon Watts,Simon Watts,33rd Minister of Revenue,Dates,"Assumed office
27 November 2023"
Hon Simon Watts,Simon Watts,33rd Minister of Revenue,Prime Minister,Christopher Luxon
Hon Simon Watts,Simon Watts,33rd Minister of Revenue,Preceded by,Barbara Edmonds
Hon Simon Watts,Simon Watts,7th Minister of Climate Change,Dates,Incumbent
Hon Simon Watts,Simon Watts,7th Minister of Climate Change,Dates,"Assumed office
27 November 2023"
Hon Simon Watts,Simon Watts,7th Minister of Climate Change,Prime Minister,Christopher Luxon
Hon Simon Watts,Simon Watts,7th Minister of Climate Change,Preceded by,James Shaw
Hon Simon Watts,Simon Watts,19th Minister for Energy,Dates,"In office
24 January 2025 – 7 April 2026"
Hon Simon Watts,Simon Watts,19th Minister for Energy,Prime Minister,Christopher Luxon
Hon Simon Watts,Simon Watts,19th Minister for Energy,Preceded by,Simeon Brown
Hon Simon Watts,Simon Watts,19th Minister for Energy,Succeeded by,Simeon Brown
Hon Simon Watts,Simon Watts,23rd Minister of Local Government,Dates,Incumbent
Hon Simon Watts,Simon Watts,23rd Minister of Local Government,Dates,"Assumed office
24 January 2025"
Hon Simon Watts,Simon Watts,23rd Minister of Local Government,Prime Minister,Christopher Luxon
Hon Simon Watts,Simon Watts,23rd Minister of Local Government,Preceded by,Simeon Brown
Hon Simon Watts,Simon Watts,5th Minister for Auckland,Dates,Incumbent
Hon Simon Watts,Simon Watts,5th Minister for Auckland,Dates,"Assumed office
7 April 2026"
Hon Simon Watts,Simon Watts,5th Minister for Auckland,Prime Minister,Christopher Luxon
Hon Simon Watts,Simon Watts,5th Minister for Auckland,Preceded by,Simeon Brown
Hon Simon Watts,Simon Watts,"Member of the New Zealand Parliament
for North Shore",Dates,Incumbent
Hon Simon Watts,Simon Watts,"Member of the New Zealand Parliament
for North Shore",Dates,"Assumed office
17 October 2020"
Hon Simon Watts,Simon Watts,"Member of the New Zealand Parliament
for North Shore",Preceded by,Maggie Barry
Hon Simon Watts,Simon Watts,Personal details,Born,1978 or 1979 (age 46–47)[1]
Hon Simon Watts,Simon Watts,Personal details,Party,National
Hon Simon Watts,Simon Watts,Personal details,Children,2
Hon Simon Watts,Simon Watts,Personal details,Profession,Accountant
Hon Simon Watts,Simon Watts,Personal details,Website,simonwatts.national.org.nz
Hon Brooke van Velden,Brooke van Velden,"The Honourable
Brooke van Velden
MP",Dates,Van Velden in 2024
Hon Brooke van Velden,Brooke van Velden,38th Minister of Internal Affairs,Dates,Incumbent
Hon Brooke van Velden,Brooke van Velden,38th Minister of Internal Affairs,Dates,"Assumed office
27 November 2023"
Hon Brooke van Velden,Brooke van Velden,38th Minister of Internal Affairs,Prime Minister,Christopher Luxon
Hon Brooke van Velden,Brooke van Velden,38th Minister of Internal Affairs,Preceded by,Barbara Edmonds
Hon Brooke van Velden,Brooke van Velden,6th Minister for Workplace Relations and Safety,Dates,Incumbent
Hon Brooke van Velden,Brooke van Velden,6th Minister for Workplace Relations and Safety,Dates,"Assumed office
27 November 2023"
Hon Brooke van Velden,Brooke van Velden,6th Minister for Workplace Relations and Safety,Prime Minister,Christopher Luxon
Hon Brooke van Velden,Brooke van Velden,6th Minister for Workplace Relations and Safety,Preceded by,Carmel Sepuloni
Hon Brooke van Velden,Brooke van Velden,Deputy Leader of ACT New Zealand,Dates,Incumbent
Hon Brooke van Velden,Brooke van Velden,Deputy Leader of ACT New Zealand,Dates,"Assumed office
28 June 2020"
Hon Brooke van Velden,Brooke van Velden,Deputy Leader of ACT New Zealand,Leader,David Seymour
Hon Brooke van Velden,Brooke van Velden,Deputy Leader of ACT New Zealand,Preceded by,Beth Houlbrooke
Hon Brooke van Velden,Brooke van Velden,"Member of the New Zealand Parliament
for Tāmaki",Dates,Incumbent
Hon Brooke van Velden,Brooke van Velden,"Member of the New Zealand Parliament
for Tāmaki",Dates,"Assumed office
14 October 2023"
Hon Brooke van Velden,Brooke van Velden,"Member of the New Zealand Parliament
for Tāmaki",Preceded by,Simon O'Connor
Hon Brooke van Velden,Brooke van Velden,"Member of the New Zealand Parliament
for Tāmaki",Majority,"4,575"
Hon Brooke van Velden,Brooke van Velden,"Member of the New Zealand Parliament
for ACT Party List",Dates,"In office
17 October 2020 – 14 October 2023"
Hon Brooke van Velden,Brooke van Velden,Personal details,Born,"(1992-10-15)15 October 1992(age 33)

Auckland, New Zealand"
Hon Brooke van Velden,Brooke van Velden,Personal details,Party,ACT
Hon Brooke van Velden,Brooke van Velden,Personal details,Alma mater,University of Auckland
Hon Judith Collins KC,Judith Collins,"The Honourable
Judith Collins
KC",Dates,Collins in 2025
Hon Judith Collins KC,Judith Collins,34th Attorney-General of New Zealand,Dates,"In office
27 November 2023 – 2 April 2026"
Hon Judith Collins KC,Judith Collins,34th Attorney-General of New Zealand,Prime Minister,Christopher Luxon
Hon Judith Collins KC,Judith Collins,34th Attorney-General of New Zealand,Preceded by,David Parker
Hon Judith Collins KC,Judith Collins,34th Attorney-General of New Zealand,Succeeded by,Chris Bishop
Hon Judith Collins KC,Judith Collins,43rd Minister of Defence,Dates,"In office
27 November 2023 – 7 April 2026"
Hon Judith Collins KC,Judith Collins,43rd Minister of Defence,Prime Minister,Christopher Luxon
Hon Judith Collins KC,Judith Collins,43rd Minister of Defence,Preceded by,Andrew Little
Hon Judith Collins KC,Judith Collins,43rd Minister of Defence,Succeeded by,Chris Penk
Hon Judith Collins KC,Judith Collins,Minister Responsible for the Government Communications Security Bureau,Dates,"In office
27 November 2023 – 2 April 2026"
Hon Judith Collins KC,Judith Collins,Minister Responsible for the Government Communications Security Bureau,Prime Minister,Christopher Luxon
Hon Judith Collins KC,Judith Collins,Minister Responsible for the Government Communications Security Bureau,Preceded by,Andrew Little
Hon Judith Collins KC,Judith Collins,Minister Responsible for the Government Communications Security Bureau,Succeeded by,Chris Penk
Hon Judith Collins KC,Judith Collins,Minister Responsible for the New Zealand Security Intelligence Service,Dates,"In office
27 November 2023 – 2 April 2026"
Hon Judith Collins KC,Judith Collins,Minister Responsible for the New Zealand Security Intelligence Service,Prime Minister,Christopher Luxon
Hon Judith Collins KC,Judith Collins,Minister Responsible for the New Zealand Security Intelligence Service,Preceded by,Andrew Little
Hon Judith Collins KC,Judith Collins,Minister Responsible for the New Zealand Security Intelligence Service,Succeeded by,Chris Penk
Hon Judith Collins KC,Judith Collins,5th Minister for Digitising Government,Dates,"In office
27 November 2023 – 2 April 2026"
Hon Judith Collins KC,Judith Collins,5th Minister for Digitising Government,Prime Minister,Christopher Luxon
Hon Judith Collins KC,Judith Collins,5th Minister for Digitising Government,Preceded by,Ginny Andersen
Hon Judith Collins KC,Judith Collins,5th Minister for Digitising Government,Succeeded by,Paul Goldsmith
Hon Judith Collins KC,Judith Collins,1st Minister for Space,Dates,"In office
27 November 2023 – 2 April 2026"
Hon Judith Collins KC,Judith Collins,1st Minister for Space,Prime Minister,Christopher Luxon
Hon Judith Collins KC,Judith Collins,1st Minister for Space,Preceded by,Office established
Hon Judith Collins KC,Judith Collins,22nd Minister for the Public Service,Dates,"In office
24 January 2025 – 2 April 2026"
Hon Judith Collins KC,Judith Collins,22nd Minister for the Public Service,Prime Minister,Christopher Luxon
Hon Judith Collins KC,Judith Collins,22nd Minister for the Public Service,Preceded by,Nicola Willis
Hon Judith Collins KC,Judith Collins,"28th Minister of Science, Innovation and Technology",Dates,"In office
27 November 2023 – 24 January 2025"
Hon Judith Collins KC,Judith Collins,"28th Minister of Science, Innovation and Technology",Prime Minister,Christopher Luxon
Hon Judith Collins KC,Judith Collins,"28th Minister of Science, Innovation and Technology",Preceded by,Ayesha Verrall
Hon Judith Collins KC,Judith Collins,"28th Minister of Science, Innovation and Technology",Succeeded by,Shane Reti
Hon Judith Collins KC,Judith Collins,"28th Minister of Science, Innovation and Technology","Offices held in Opposition
2020–2021","Offices held in Opposition2020–2021 39th Leader of the OppositionIn office14 July 2020 – 25 November 2021Prime MinisterJacinda ArdernDeputy.mw-parser-output .plainlist ol,.mw-parser-output .plainlist ul{line-height:inherit;list-style:none;margin:0;padding:0}.mw-parser-output .plainlist ol li,.mw-parser-output .plainlist ul li{margin-bottom:0} Gerry Brownlee Shane RetiPreceded byTodd MullerSucceeded byChristopher Luxon14th Leader of the National PartyIn office14 July 2020 – 25 November 2021Deputy Gerry Brownlee Shane RetiPreceded byTodd MullerSucceeded byChristopher Luxon"
Hon Judith Collins KC,Judith Collins,39th Leader of the Opposition,Dates,"In office
14 July 2020 – 25 November 2021"
Hon Judith Collins KC,Judith Collins,39th Leader of the Opposition,Prime Minister,Jacinda Ardern
Hon Judith Collins KC,Judith Collins,39th Leader of the Opposition,Deputy,".mw-parser-output .plainlist ol,.mw-parser-output .plainlist ul{line-height:inherit;list-style:none;margin:0;padding:0}.mw-parser-output .plainlist ol li,.mw-parser-output .plainlist ul li{margin-bottom:0}
Gerry Brownlee
Shane Reti"
Hon Judith Collins KC,Judith Collins,39th Leader of the Opposition,Preceded by,Todd Muller
Hon Judith Collins KC,Judith Collins,39th Leader of the Opposition,Succeeded by,Christopher Luxon
Hon Judith Collins KC,Judith Collins,14th Leader of the National Party,Dates,"In office
14 July 2020 – 25 November 2021"
Hon Judith Collins KC,Judith Collins,14th Leader of the National Party,Deputy,"Gerry Brownlee
Shane Reti"
Hon Judith Collins KC,Judith Collins,14th Leader of the National Party,Preceded by,Todd Muller
Hon Judith Collins KC,Judith Collins,14th Leader of the National Party,Succeeded by,Christopher Luxon
Hon Judith Collins KC,Judith Collins,14th Leader of the National Party,"Ministerial Offices
2008–2017",Ministerial Offices2008–2017 29th Minister of RevenueIn office20 December 2016 – 26 October 2017Prime MinisterBill EnglishPreceded byMichael WoodhouseSucceeded byStuart Nash16th Minister of Energy and ResourcesIn office20 December 2016 – 26 October 2017Prime MinisterBill EnglishPreceded bySimon BridgesSucceeded byMegan WoodsMinister for Ethnic AffairsIn office20 December 2016 – 26 October 2017Prime MinisterBill EnglishPreceded bySam Lotu-IigaSucceeded byJenny SalesaIn office14 December 2011 – 30 August 2014Prime MinisterJohn KeyPreceded byHekia ParataSucceeded bySam Lotu-Iiga35th Minister of PoliceIn office14 December 2015 – 20 December 2016Prime MinisterJohn KeyBill EnglishPreceded byMichael WoodhouseSucceeded byPaula BennettIn office19 November 2008 – 12 December 2011Prime MinisterJohn KeyPreceded byAnnette KingSucceeded byAnne Tolley10th Minister of CorrectionsIn office14 December 2015 – 20 December 2016Prime MinisterJohn KeyBill EnglishPreceded bySam Lotu-IigaSucceeded byLouise UpstonIn office19 November 2008 – 12 December 2011Prime MinisterJohn KeyPreceded byPhil GoffSucceeded byAnne Tolley47th Minister of JusticeIn office12 December 2011 – 30 August 2014Prime MinisterJohn KeyPreceded bySimon PowerSucceeded byAmy Adams
Hon Judith Collins KC,Judith Collins,29th Minister of Revenue,Dates,"In office
20 December 2016 – 26 October 2017"
Hon Judith Collins KC,Judith Collins,29th Minister of Revenue,Prime Minister,Bill English
Hon Judith Collins KC,Judith Collins,29th Minister of Revenue,Preceded by,Michael Woodhouse
Hon Judith Collins KC,Judith Collins,29th Minister of Revenue,Succeeded by,Stuart Nash
Hon Judith Collins KC,Judith Collins,16th Minister of Energy and Resources,Dates,"In office
20 December 2016 – 26 October 2017"
Hon Judith Collins KC,Judith Collins,16th Minister of Energy and Resources,Prime Minister,Bill English
Hon Judith Collins KC,Judith Collins,16th Minister of Energy and Resources,Preceded by,Simon Bridges
Hon Judith Collins KC,Judith Collins,16th Minister of Energy and Resources,Succeeded by,Megan Woods
Hon Judith Collins KC,Judith Collins,Minister for Ethnic Affairs,Dates,"In office
20 December 2016 – 26 October 2017"
Hon Judith Collins KC,Judith Collins,Minister for Ethnic Affairs,Prime Minister,Bill English
Hon Judith Collins KC,Judith Collins,Minister for Ethnic Affairs,Preceded by,Sam Lotu-Iiga
Hon Judith Collins KC,Judith Collins,Minister for Ethnic Affairs,Succeeded by,Jenny Salesa
Hon Judith Collins KC,Judith Collins,Minister for Ethnic Affairs,Dates,"In office
14 December 2011 – 30 August 2014"
Hon Judith Collins KC,Judith Collins,Minister for Ethnic Affairs,Prime Minister,John Key
Hon Judith Collins KC,Judith Collins,Minister for Ethnic Affairs,Preceded by,Hekia Parata
Hon Judith Collins KC,Judith Collins,Minister for Ethnic Affairs,Succeeded by,Sam Lotu-Iiga
Hon Judith Collins KC,Judith Collins,35th Minister of Police,Dates,"In office
14 December 2015 – 20 December 2016"
Hon Judith Collins KC,Judith Collins,35th Minister of Police,Prime Minister,"John Key
Bill English"
Hon Judith Collins KC,Judith Collins,35th Minister of Police,Preceded by,Michael Woodhouse
Hon Judith Collins KC,Judith Collins,35th Minister of Police,Succeeded by,Paula Bennett
Hon Judith Collins KC,Judith Collins,35th Minister of Police,Dates,"In office
19 November 2008 – 12 December 2011"
Hon Judith Collins KC,Judith Collins,35th Minister of Police,Prime Minister,John Key
Hon Judith Collins KC,Judith Collins,35th Minister of Police,Preceded by,Annette King
Hon Judith Collins KC,Judith Collins,35th Minister of Police,Succeeded by,Anne Tolley
Hon Judith Collins KC,Judith Collins,10th Minister of Corrections,Dates,"In office
14 December 2015 – 20 December 2016"
Hon Judith Collins KC,Judith Collins,10th Minister of Corrections,Prime Minister,"John Key
Bill English"
Hon Judith Collins KC,Judith Collins,10th Minister of Corrections,Preceded by,Sam Lotu-Iiga
Hon Judith Collins KC,Judith Collins,10th Minister of Corrections,Succeeded by,Louise Upston
Hon Judith Collins KC,Judith Collins,10th Minister of Corrections,Dates,"In office
19 November 2008 – 12 December 2011"
Hon Judith Collins KC,Judith Collins,10th Minister of Corrections,Prime Minister,John Key
Hon Judith Collins KC,Judith Collins,10th Minister of Corrections,Preceded by,Phil Goff
Hon Judith Collins KC,Judith Collins,10th Minister of Corrections,Succeeded by,Anne Tolley
Hon Judith Collins KC,Judith Collins,47th Minister of Justice,Dates,"In office
12 December 2011 – 30 August 2014"
Hon Judith Collins KC,Judith Collins,47th Minister of Justice,Prime Minister,John Key
Hon Judith Collins KC,Judith Collins,47th Minister of Justice,Preceded by,Simon Power
Hon Judith Collins KC,Judith Collins,47th Minister of Justice,Succeeded by,Amy Adams
Hon Judith Collins KC,Judith Collins,"Member of the New Zealand Parliament
for Papakura",Dates,"In office
8 November 2008 – 14 May 2026"
Hon Judith Collins KC,Judith Collins,"Member of the New Zealand Parliament
for Papakura",Preceded by,John Robertson (1996)
Hon Judith Collins KC,Judith Collins,"Member of the New Zealand Parliament
for Papakura",Majority,"13,519"
Hon Judith Collins KC,Judith Collins,"Member of the New Zealand Parliament
for Clevedon",Dates,"In office
27 July 2002 – 8 November 2008"
Hon Judith Collins KC,Judith Collins,"Member of the New Zealand Parliament
for Clevedon",Preceded by,Warren Kyd (1996)
Hon Judith Collins KC,Judith Collins,"Member of the New Zealand Parliament
for Clevedon",Succeeded by,Constituency abolished
Hon Judith Collins KC,Judith Collins,"Member of the New Zealand Parliament
for Clevedon",Majority,"12,871 (34.9%)"
Hon Judith Collins KC,Judith Collins,Personal details,Born,"Judith Anne Collins
(1959-02-24)24 February 1959(age 67)

Hamilton, New Zealand"
Hon Judith Collins KC,Judith Collins,Personal details,Party,National Party
Hon Judith Collins KC,Judith Collins,Personal details,Spouse,David Wong-Tung
Hon Judith Collins KC,Judith Collins,Personal details,Children,1
Hon Judith Collins KC,Judith Collins,Personal details,Alma mater,"University of Canterbury (LLB)
University of Auckland
(LLM) (MTaxS)"
Hon Penny Simmonds,Penny Simmonds,"The Honourable
Penny Simmonds
CNZM MP",Dates,"Official portrait, 2023"
Hon Penny Simmonds,Penny Simmonds,"Member of the New Zealand Parliament
for Invercargill",Dates,Incumbent
Hon Penny Simmonds,Penny Simmonds,"Member of the New Zealand Parliament
for Invercargill",Dates,"Assumed office
17 October 2020"
Hon Penny Simmonds,Penny Simmonds,"Member of the New Zealand Parliament
for Invercargill",Preceded by,Sarah Dowie
Hon Penny Simmonds,Penny Simmonds,"Member of the New Zealand Parliament
for Invercargill",Majority,"10,945[1]"
Hon Penny Simmonds,Penny Simmonds,Minister for Tertiary Education,Dates,Incumbent
Hon Penny Simmonds,Penny Simmonds,Minister for Tertiary Education,Dates,"Assumed office
7 April 2026"
Hon Penny Simmonds,Penny Simmonds,Minister for Tertiary Education,Prime Minister,Christopher Luxon
Hon Penny Simmonds,Penny Simmonds,Minister for Tertiary Education,Preceded by,Steven Joyce
Hon Penny Simmonds,Penny Simmonds,"29th Minister of Science, Innovation and Technology",Dates,Incumbent
Hon Penny Simmonds,Penny Simmonds,"29th Minister of Science, Innovation and Technology",Dates,"Assumed office
7 April 2026"
Hon Penny Simmonds,Penny Simmonds,"29th Minister of Science, Innovation and Technology",Prime Minister,Christopher Luxon
Hon Penny Simmonds,Penny Simmonds,"29th Minister of Science, Innovation and Technology",Preceded by,Shane Reti
Hon Penny Simmonds,Penny Simmonds,17th Minister for the Environment,Dates,"In office
27 November 2023 – 7 April 2026"
Hon Penny Simmonds,Penny Simmonds,17th Minister for the Environment,Prime Minister,Christopher Luxon
Hon Penny Simmonds,Penny Simmonds,17th Minister for the Environment,Preceded by,David Parker
Hon Penny Simmonds,Penny Simmonds,17th Minister for the Environment,Succeeded by,Nicola Grigg
Hon Penny Simmonds,Penny Simmonds,Personal details,Born,"September 1959 (age 66)

Southland, New Zealand"
Hon Penny Simmonds,Penny Simmonds,Personal details,Party,National
Hon Penny Simmonds,Penny Simmonds,Personal details,Spouse,Marty Irwin
Hon Penny Simmonds,Penny Simmonds,Personal details,Children,3
Hon Penny Simmonds,Penny Simmonds,Personal details,Alma mater,University of Otago
Hon Todd McClay,Todd McClay,"The Honourable
Todd McClay
MP",Dates,McClay in 2025
Hon Todd McClay,Todd McClay,"Minister for Trade and Investment

Minister of Agriculture

Minister of Forestry",Dates,Incumbent
Hon Todd McClay,Todd McClay,"Minister for Trade and Investment

Minister of Agriculture

Minister of Forestry",Dates,"Assumed office
27 November 2023"
Hon Todd McClay,Todd McClay,"Minister for Trade and Investment

Minister of Agriculture

Minister of Forestry",Prime Minister,Christopher Luxon
Hon Todd McClay,Todd McClay,"Minister for Trade and Investment

Minister of Agriculture

Minister of Forestry",Preceded by,Damien O'Connor
Hon Todd McClay,Todd McClay,"Minister for Trade and Investment

Minister of Agriculture

Minister of Forestry",Dates,"In office
14 December 2015 – 26 October 2017"
Hon Todd McClay,Todd McClay,"Minister for Trade and Investment

Minister of Agriculture

Minister of Forestry",Prime Minister,"John Key
Bill English"
Hon Todd McClay,Todd McClay,"Minister for Trade and Investment

Minister of Agriculture

Minister of Forestry",Preceded by,Tim Groser
Hon Todd McClay,Todd McClay,"Minister for Trade and Investment

Minister of Agriculture

Minister of Forestry",Succeeded by,David Parker (as Minister for Trade and Export Growth)
Hon Todd McClay,Todd McClay,Minister of State Owned Enterprises,Dates,"In office
8 October 2014 – 26 October 2017"
Hon Todd McClay,Todd McClay,Minister of State Owned Enterprises,Prime Minister,"John Key
Bill English"
Hon Todd McClay,Todd McClay,Minister of State Owned Enterprises,Preceded by,Tony Ryall
Hon Todd McClay,Todd McClay,Minister of State Owned Enterprises,Succeeded by,Winston Peters
Hon Todd McClay,Todd McClay,3rd Minister of Revenue,Dates,"In office
10 June 2013 – 14 December 2015"
Hon Todd McClay,Todd McClay,3rd Minister of Revenue,Prime Minister,John Key
Hon Todd McClay,Todd McClay,3rd Minister of Revenue,Preceded by,Peter Dunne
Hon Todd McClay,Todd McClay,3rd Minister of Revenue,Succeeded by,Michael Woodhouse
Hon Todd McClay,Todd McClay,"Member of the New Zealand Parliament
for Rotorua",Dates,Incumbent
Hon Todd McClay,Todd McClay,"Member of the New Zealand Parliament
for Rotorua",Dates,"Assumed office
8 December 2008"
Hon Todd McClay,Todd McClay,"Member of the New Zealand Parliament
for Rotorua",Preceded by,Steve Chadwick
Hon Todd McClay,Todd McClay,"Member of the New Zealand Parliament
for Rotorua",Majority,"8,923"
Hon Todd McClay,Todd McClay,Personal details,Born,"(1968-11-22)22 November 1968(age 57)

Rotorua, Bay of Plenty, New Zealand"
Hon Todd McClay,Todd McClay,Personal details,Party,National
Hon Todd McClay,Todd McClay,Personal details,Relations,Roger McClay (father)
Hon Todd McClay,Todd McClay,Personal details,Occupation,Member of Parliament for Rotorua
Hon Todd McClay,Todd McClay,Personal details,Website,http://www.toddmcclay.co.nz/
Hon Nicola Willis,Nicola Willis,"The Honourable
Nicola Willis
MP",Dates,Willis in 2023
Hon Nicola Willis,Nicola Willis,43rd Minister of Finance,Dates,Incumbent
Hon Nicola Willis,Nicola Willis,43rd Minister of Finance,Dates,"Assumed office
27 November 2023"
Hon Nicola Willis,Nicola Willis,43rd Minister of Finance,Prime Minister,Christopher Luxon
Hon Nicola Willis,Nicola Willis,43rd Minister of Finance,Preceded by,Grant Robertson
Hon Nicola Willis,Nicola Willis,12th Minister for Economic Growth,Dates,Incumbent
Hon Nicola Willis,Nicola Willis,12th Minister for Economic Growth,Dates,"Assumed office
24 January 2025"
Hon Nicola Willis,Nicola Willis,12th Minister for Economic Growth,Prime Minister,Christopher Luxon
Hon Nicola Willis,Nicola Willis,12th Minister for Economic Growth,Preceded by,Melissa Lee (as Minister for Economic Development)
Hon Nicola Willis,Nicola Willis,Minister for Social Investment,Dates,Incumbent
Hon Nicola Willis,Nicola Willis,Minister for Social Investment,Dates,"Assumed office
27 November 2023"
Hon Nicola Willis,Nicola Willis,Minister for Social Investment,Prime Minister,Christopher Luxon
Hon Nicola Willis,Nicola Willis,19th Deputy Leader of the National Party,Dates,Incumbent
Hon Nicola Willis,Nicola Willis,19th Deputy Leader of the National Party,Dates,"Assumed office
30 November 2021"
Hon Nicola Willis,Nicola Willis,19th Deputy Leader of the National Party,Leader,Christopher Luxon
Hon Nicola Willis,Nicola Willis,19th Deputy Leader of the National Party,Preceded by,Shane Reti
Hon Nicola Willis,Nicola Willis,21st Minister for the Public Service,Dates,"In office
27 November 2023 – 24 January 2025"
Hon Nicola Willis,Nicola Willis,21st Minister for the Public Service,Prime Minister,Christopher Luxon
Hon Nicola Willis,Nicola Willis,21st Minister for the Public Service,Preceded by,Andrew Little
Hon Nicola Willis,Nicola Willis,21st Minister for the Public Service,Succeeded by,Judith Collins
Hon Nicola Willis,Nicola Willis,Deputy Leader of the Opposition,Dates,"In office
30 November 2021 – 27 November 2023"
Hon Nicola Willis,Nicola Willis,Deputy Leader of the Opposition,Leader,Christopher Luxon
Hon Nicola Willis,Nicola Willis,Deputy Leader of the Opposition,Preceded by,Shane Reti
Hon Nicola Willis,Nicola Willis,Deputy Leader of the Opposition,Succeeded by,Carmel Sepuloni
Hon Nicola Willis,Nicola Willis,"Member of the New Zealand Parliament
for National Party list",Dates,Incumbent
Hon Nicola Willis,Nicola Willis,"Member of the New Zealand Parliament
for National Party list",Dates,"Assumed office
3 April 2018"
Hon Nicola Willis,Nicola Willis,"Member of the New Zealand Parliament
for National Party list",Preceded by,Steven Joyce
Hon Nicola Willis,Nicola Willis,Personal details,Born,"Nicola Valentine Willis
(1981-03-07)7 March 1981(age 45)

Wellington, New Zealand"
Hon Nicola Willis,Nicola Willis,Personal details,Party,National
Hon Nicola Willis,Nicola Willis,Personal details,Spouse,".mw-parser-output .marriage-line-margin2px{line-height:0;margin-bottom:-2px}.mw-parser-output .marriage-line-margin3px{line-height:0;margin-bottom:-3px}.mw-parser-output .marriage-display-inline{display:inline}
Duncan Small
​
(m. 2007)​"
Hon Nicola Willis,Nicola Willis,Personal details,Children,4
Hon Nicola Willis,Nicola Willis,Personal details,Alma mater,"Victoria University of Wellington
University of Canterbury[1]"
Hon Nicola Willis,Nicola Willis,Personal details,Website,Party website
Rt Hon Winston Peters,Winston Peters,"The Right Honourable

Winston Peters
MP",Dates,Peters in 2024
Rt Hon Winston Peters,Winston Peters,13th Deputy Prime Minister of New Zealand,Dates,"In office
27 November 2023 – 31 May 2025"
Rt Hon Winston Peters,Winston Peters,13th Deputy Prime Minister of New Zealand,Monarch,Charles III
Rt Hon Winston Peters,Winston Peters,13th Deputy Prime Minister of New Zealand,Prime Minister,Christopher Luxon
Rt Hon Winston Peters,Winston Peters,13th Deputy Prime Minister of New Zealand,Governor-General,Cindy Kiro
Rt Hon Winston Peters,Winston Peters,13th Deputy Prime Minister of New Zealand,Preceded by,Carmel Sepuloni
Rt Hon Winston Peters,Winston Peters,13th Deputy Prime Minister of New Zealand,Succeeded by,David Seymour
Rt Hon Winston Peters,Winston Peters,13th Deputy Prime Minister of New Zealand,Dates,"In office
26 October 2017 – 6 November 2020"
Rt Hon Winston Peters,Winston Peters,13th Deputy Prime Minister of New Zealand,Monarch,Elizabeth II
Rt Hon Winston Peters,Winston Peters,13th Deputy Prime Minister of New Zealand,Prime Minister,Jacinda Ardern
Rt Hon Winston Peters,Winston Peters,13th Deputy Prime Minister of New Zealand,Governor-General,Patsy Reddy
Rt Hon Winston Peters,Winston Peters,13th Deputy Prime Minister of New Zealand,Preceded by,Paula Bennett
Rt Hon Winston Peters,Winston Peters,13th Deputy Prime Minister of New Zealand,Succeeded by,Grant Robertson
Rt Hon Winston Peters,Winston Peters,13th Deputy Prime Minister of New Zealand,Dates,"In office
16 December 1996 – 14 August 1998"
Rt Hon Winston Peters,Winston Peters,13th Deputy Prime Minister of New Zealand,Prime Minister,"Jim Bolger
Jenny Shipley"
Rt Hon Winston Peters,Winston Peters,13th Deputy Prime Minister of New Zealand,Governor-General,Michael Hardie Boys
Rt Hon Winston Peters,Winston Peters,13th Deputy Prime Minister of New Zealand,Preceded by,Don McKinnon
Rt Hon Winston Peters,Winston Peters,13th Deputy Prime Minister of New Zealand,Succeeded by,Wyatt Creech
Rt Hon Winston Peters,Winston Peters,25th Minister of Foreign Affairs,Dates,Incumbent
Rt Hon Winston Peters,Winston Peters,25th Minister of Foreign Affairs,Dates,"Assumed office
27 November 2023"
Rt Hon Winston Peters,Winston Peters,25th Minister of Foreign Affairs,Prime Minister,Christopher Luxon
Rt Hon Winston Peters,Winston Peters,25th Minister of Foreign Affairs,Preceded by,Grant Robertson
Rt Hon Winston Peters,Winston Peters,25th Minister of Foreign Affairs,Dates,"In office
26 October 2017 – 6 November 2020"
Rt Hon Winston Peters,Winston Peters,25th Minister of Foreign Affairs,Prime Minister,Jacinda Ardern
Rt Hon Winston Peters,Winston Peters,25th Minister of Foreign Affairs,Preceded by,Gerry Brownlee
Rt Hon Winston Peters,Winston Peters,25th Minister of Foreign Affairs,Succeeded by,Nanaia Mahuta
Rt Hon Winston Peters,Winston Peters,25th Minister of Foreign Affairs,Dates,"In office
19 October 2005 – 29 August 2008"
Rt Hon Winston Peters,Winston Peters,25th Minister of Foreign Affairs,Prime Minister,Helen Clark
Rt Hon Winston Peters,Winston Peters,25th Minister of Foreign Affairs,Preceded by,Phil Goff
Rt Hon Winston Peters,Winston Peters,25th Minister of Foreign Affairs,Succeeded by,"Helen Clark (acting)
Murray McCully"
Rt Hon Winston Peters,Winston Peters,8th Minister for Racing,Dates,Incumbent
Rt Hon Winston Peters,Winston Peters,8th Minister for Racing,Dates,"Assumed office
27 November 2023"
Rt Hon Winston Peters,Winston Peters,8th Minister for Racing,Prime Minister,Christopher Luxon
Rt Hon Winston Peters,Winston Peters,8th Minister for Racing,Preceded by,Kieran McAnulty
Rt Hon Winston Peters,Winston Peters,8th Minister for Racing,Dates,"In office
26 October 2017 – 6 November 2020"
Rt Hon Winston Peters,Winston Peters,8th Minister for Racing,Prime Minister,Jacinda Ardern
Rt Hon Winston Peters,Winston Peters,8th Minister for Racing,Preceded by,David Bennett
Rt Hon Winston Peters,Winston Peters,8th Minister for Racing,Succeeded by,Grant Robertson
Rt Hon Winston Peters,Winston Peters,8th Minister for Racing,Dates,"In office
19 October 2005 – 19 November 2008"
Rt Hon Winston Peters,Winston Peters,8th Minister for Racing,Prime Minister,Helen Clark
Rt Hon Winston Peters,Winston Peters,8th Minister for Racing,Preceded by,Damien O'Connor
Rt Hon Winston Peters,Winston Peters,8th Minister for Racing,Succeeded by,John Carter
Rt Hon Winston Peters,Winston Peters,29th Minister for Rail,Dates,Incumbent
Rt Hon Winston Peters,Winston Peters,29th Minister for Rail,Dates,"Assumed office
11 December 2024"
Rt Hon Winston Peters,Winston Peters,29th Minister for Rail,Prime Minister,Christopher Luxon
Rt Hon Winston Peters,Winston Peters,29th Minister for Rail,Preceded by,"Philip Burdon (1996, as Minister of Railways)"
Rt Hon Winston Peters,Winston Peters,Leader of New Zealand First,Dates,Incumbent
Rt Hon Winston Peters,Winston Peters,Leader of New Zealand First,Dates,"Assumed office
18 July 1993"
Rt Hon Winston Peters,Winston Peters,Leader of New Zealand First,Deputy,"Tau Henare
Peter Brown
Tracey Martin
Ron Mark
Fletcher Tabuteau
Shane Jones"
Rt Hon Winston Peters,Winston Peters,Leader of New Zealand First,Preceded by,Office established
Rt Hon Winston Peters,Winston Peters,Leader of New Zealand First,"Ministerial offices
1990–1998",Ministerial offices1990–1998 1st Treasurer of New ZealandIn office16 December 1996 – 14 August 1998Prime MinisterJim BolgerJenny ShipleyPreceded byOffice establishedSucceeded byBill Birch35th Minister of Māori AffairsIn office2 November 1990 – 2 October 1991Prime MinisterJim BolgerPreceded byKoro WētereSucceeded byDoug Kidd
Rt Hon Winston Peters,Winston Peters,1st Treasurer of New Zealand,Dates,"In office
16 December 1996 – 14 August 1998"
Rt Hon Winston Peters,Winston Peters,1st Treasurer of New Zealand,Prime Minister,"Jim Bolger
Jenny Shipley"
Rt Hon Winston Peters,Winston Peters,1st Treasurer of New Zealand,Preceded by,Office established
Rt Hon Winston Peters,Winston Peters,1st Treasurer of New Zealand,Succeeded by,Bill Birch
Rt Hon Winston Peters,Winston Peters,35th Minister of Māori Affairs,Dates,"In office
2 November 1990 – 2 October 1991"
Rt Hon Winston Peters,Winston Peters,35th Minister of Māori Affairs,Prime Minister,Jim Bolger
Rt Hon Winston Peters,Winston Peters,35th Minister of Māori Affairs,Preceded by,Koro Wētere
Rt Hon Winston Peters,Winston Peters,35th Minister of Māori Affairs,Succeeded by,Doug Kidd
Rt Hon Winston Peters,Winston Peters,35th Minister of Māori Affairs,Parliamentary offices,Parliamentary offices Member of the New Zealand ParliamentIncumbentAssumed office 14 October 2023ConstituencyNew Zealand First ListIn office23 September 2017 – 17 October 2020ConstituencyNew Zealand First ListIn office28 March 2015 – 23 September 2017Preceded byMike SabinSucceeded byMatt KingConstituencyNorthlandIn office26 November 2011 – 28 March 2015Succeeded byRia BondConstituencyNew Zealand First ListIn office17 September 2005 – 3 October 2008ConstituencyNew Zealand First ListIn office17 July 1984 – 17 September 2005Preceded byKeith AllenSucceeded byBob ClarksonConstituencyTaurangaIn office24 May 1979 – 28 November 1981Preceded byMalcolm DouglasSucceeded byColin MoyleConstituencyHunua
Rt Hon Winston Peters,Winston Peters,Member of the New Zealand Parliament,Dates,Incumbent
Rt Hon Winston Peters,Winston Peters,Member of the New Zealand Parliament,Dates,"Assumed office
14 October 2023"
Rt Hon Winston Peters,Winston Peters,Member of the New Zealand Parliament,Constituency,New Zealand First List
Rt Hon Winston Peters,Winston Peters,Member of the New Zealand Parliament,Dates,"In office
23 September 2017 – 17 October 2020"
Rt Hon Winston Peters,Winston Peters,Member of the New Zealand Parliament,Dates,"In office
28 March 2015 – 23 September 2017"
Rt Hon Winston Peters,Winston Peters,Member of the New Zealand Parliament,Preceded by,Mike Sabin
Rt Hon Winston Peters,Winston Peters,Member of the New Zealand Parliament,Succeeded by,Matt King
Rt Hon Winston Peters,Winston Peters,Member of the New Zealand Parliament,Constituency,Northland
Rt Hon Winston Peters,Winston Peters,Member of the New Zealand Parliament,Dates,"In office
26 November 2011 – 28 March 2015"
Rt Hon Winston Peters,Winston Peters,Member of the New Zealand Parliament,Succeeded by,Ria Bond
Rt Hon Winston Peters,Winston Peters,Member of the New Zealand Parliament,Dates,"In office
17 September 2005 – 3 October 2008"
Rt Hon Winston Peters,Winston Peters,Member of the New Zealand Parliament,Dates,"In office
17 July 1984 – 17 September 2005"
Rt Hon Winston Peters,Winston Peters,Member of the New Zealand Parliament,Preceded by,Keith Allen
Rt Hon Winston Peters,Winston Peters,Member of the New Zealand Parliament,Succeeded by,Bob Clarkson
Rt Hon Winston Peters,Winston Peters,Member of the New Zealand Parliament,Constituency,Tauranga
Rt Hon Winston Peters,Winston Peters,Member of the New Zealand Parliament,Dates,"In office
24 May 1979 – 28 November 1981"
Rt Hon Winston Peters,Winston Peters,Member of the New Zealand Parliament,Preceded by,Malcolm Douglas
Rt Hon Winston Peters,Winston Peters,Member of the New Zealand Parliament,Succeeded by,Colin Moyle
Rt Hon Winston Peters,Winston Peters,Member of the New Zealand Parliament,Constituency,Hunua
Rt Hon Winston Peters,Winston Peters,Personal details,Born,"Wynston Raymond Peters
(1945-04-11)11 April 1945(age 81)

Whangārei, New Zealand"
Rt Hon Winston Peters,Winston Peters,Personal details,Party,"New Zealand First
(since 1993)"
Rt Hon Winston Peters,Winston Peters,Personal details,"Other political
affiliations",National (1979–1993)
Rt Hon Winston Peters,Winston Peters,Personal details,Children,"2, including Bree[1]"
Rt Hon Winston Peters,Winston Peters,Personal details,Relatives,"Jim Peters (brother)
Ian Peters (brother)
Ron Peters (brother)
Lynette Stewart (sister)"
Rt Hon Winston Peters,Winston Peters,Personal details,Alma mater,University of Auckland (BA/LLB)
Rt Hon Winston Peters,Winston Peters,Personal details,Dates,".mw-parser-output .side-box{margin:4px 0;box-sizing:border-box;border:1px solid #aaa;font-size:88%;line-height:1.25em;background-color:var(--background-color-interactive-subtle,#f8f9fa);color:inherit;display:flow-root}.mw-parser-output .infobox .side-box{font-size:100%}.mw-parser-output .side-box-abovebelow,.mw-parser-output .side-box-text{padding:0.25em 0.9em}.mw-parser-output .side-box-image{padding:2px 0 2px 0.9em;text-align:center}.mw-parser-output .side-box-imageright{padding:2px 0.9em 2px 0;text-align:center}@media(min-width:500px){.mw-parser-output .side-box-flex{display:flex;align-items:center}.mw-parser-output .side-box-text{flex:1;min-width:0}}@media(min-width:640px){.mw-parser-output .side-box{width:238px}.mw-parser-output .side-box-right{clear:right;float:right;margin-left:1em}.mw-parser-output .side-box-left{margin-right:1em}}.mw-parser-output .listen .side-box-text{line-height:1.1em}.mw-parser-output .listen-plain{border:none;background:transparent}.mw-parser-output .listen-embedded{width:100%;margin:0;border-width:1px 0 0 0;background:transparent}.mw-parser-output .listen-header{padding:2px}.mw-parser-output .listen-embedded .listen-header{padding:2px 0}.mw-parser-output .listen-file-header{padding:4px 0}.mw-parser-output .listen .description{padding-top:2px}.mw-parser-output .listen .mw-tmh-player{max-width:100%}@media(max-width:719px){.mw-parser-output .listen{clear:both}}@media(min-width:720px){.mw-parser-output .listen:not(.listen-noimage){width:320px}.mw-parser-output .listen-left{overflow:visible;float:left}.mw-parser-output .listen-center{float:none;margin-left:auto;margin-right:auto}}
.mw-parser-output .plainlist ol,.mw-parser-output .plainlist ul{line-height:inherit;list-style:none;margin:0;padding:0}.mw-parser-output .plainlist ol li,.mw-parser-output .plainlist ul li{margin-bottom:0}
Peters' voice
Winston speaking during a meeting with US Secretary of State Antony Blinken.
Recorded 11 April 2024"
Hon Dr Shane Reti,Shane Reti,"The Honourable
Shane Reti
QSM MP",Dates,Reti in 2023
Hon Dr Shane Reti,Shane Reti,15th Minister for Pacific Peoples,Dates,"In office
27 November 2023 – 7 April 2026"
Hon Dr Shane Reti,Shane Reti,15th Minister for Pacific Peoples,Prime Minister,Christopher Luxon
Hon Dr Shane Reti,Shane Reti,15th Minister for Pacific Peoples,Preceded by,Barbara Edmonds
Hon Dr Shane Reti,Shane Reti,15th Minister for Pacific Peoples,Succeeded by,Paul Goldsmith
Hon Dr Shane Reti,Shane Reti,"29th Minister of Science, Innovation and Technology",Dates,"In office
24 January 2025 – 7 April 2026"
Hon Dr Shane Reti,Shane Reti,"29th Minister of Science, Innovation and Technology",Prime Minister,Christopher Luxon
Hon Dr Shane Reti,Shane Reti,"29th Minister of Science, Innovation and Technology",Preceded by,Judith Collins
Hon Dr Shane Reti,Shane Reti,"29th Minister of Science, Innovation and Technology",Succeeded by,Penny Simmonds
Hon Dr Shane Reti,Shane Reti,34th Minister of Statistics,Dates,"In office
24 January 2025 – 7 April 2026"
Hon Dr Shane Reti,Shane Reti,34th Minister of Statistics,Prime Minister,Christopher Luxon
Hon Dr Shane Reti,Shane Reti,34th Minister of Statistics,Preceded by,Andrew Bayly
Hon Dr Shane Reti,Shane Reti,34th Minister of Statistics,Succeeded by,Scott Simpson
Hon Dr Shane Reti,Shane Reti,Minister of Universities,Dates,"In office
24 January 2025 – 7 April 2026"
Hon Dr Shane Reti,Shane Reti,Minister of Universities,Prime Minister,Christopher Luxon
Hon Dr Shane Reti,Shane Reti,44th Minister of Health,Dates,"In office
27 November 2023 – 24 January 2025"
Hon Dr Shane Reti,Shane Reti,44th Minister of Health,Prime Minister,Christopher Luxon
Hon Dr Shane Reti,Shane Reti,44th Minister of Health,Preceded by,Ayesha Verrall
Hon Dr Shane Reti,Shane Reti,44th Minister of Health,Succeeded by,Simeon Brown
Hon Dr Shane Reti,Shane Reti,"Member of the New Zealand Parliament
for Whangārei",Dates,Incumbent
Hon Dr Shane Reti,Shane Reti,"Member of the New Zealand Parliament
for Whangārei",Dates,"Assumed office
14 October 2023"
Hon Dr Shane Reti,Shane Reti,"Member of the New Zealand Parliament
for Whangārei",Preceded by,Emily Henderson
Hon Dr Shane Reti,Shane Reti,"Member of the New Zealand Parliament
for Whangārei",Dates,"In office
20 September 2014 – 17 October 2020"
Hon Dr Shane Reti,Shane Reti,"Member of the New Zealand Parliament
for Whangārei",Preceded by,Phil Heatley
Hon Dr Shane Reti,Shane Reti,"Member of the New Zealand Parliament
for Whangārei",Succeeded by,Emily Henderson
Hon Dr Shane Reti,Shane Reti,18th Deputy Leader of the National Party,Dates,"In office
10 November 2020 – 30 November 2021"
Hon Dr Shane Reti,Shane Reti,18th Deputy Leader of the National Party,Leader,Judith Collins
Hon Dr Shane Reti,Shane Reti,18th Deputy Leader of the National Party,Preceded by,Gerry Brownlee
Hon Dr Shane Reti,Shane Reti,18th Deputy Leader of the National Party,Succeeded by,Nicola Willis
Hon Dr Shane Reti,Shane Reti,Deputy Leader of the Opposition,Dates,"In office
10 November 2020 – 30 November 2021"
Hon Dr Shane Reti,Shane Reti,Deputy Leader of the Opposition,Leader,Judith Collins
Hon Dr Shane Reti,Shane Reti,Deputy Leader of the Opposition,Preceded by,Gerry Brownlee
Hon Dr Shane Reti,Shane Reti,Deputy Leader of the Opposition,Succeeded by,Nicola Willis
Hon Dr Shane Reti,Shane Reti,"Member of the New Zealand Parliament
for National Party list",Dates,"In office
17 October 2020 – 14 October 2023"
Hon Dr Shane Reti,Shane Reti,Personal details,Born,"Shane Raymond Reti
(1963-06-05)5 June 1963(age 62)

Hamilton, New Zealand"
Hon Dr Shane Reti,Shane Reti,Personal details,Party,National Party
Hon Dr Shane Reti,Shane Reti,Personal details,Children,3
Hon Dr Shane Reti,Shane Reti,Personal details,Profession,".mw-parser-output .hlist dl,.mw-parser-output .hlist ol,.mw-parser-output .hlist ul{margin:0;padding:0}.mw-parser-output .hlist dd,.mw-parser-output .hlist dt,.mw-parser-output .hlist li{margin:0;display:inline}.mw-parser-output .hlist.inline,.mw-parser-output .hlist.inline dl,.mw-parser-output .hlist.inline ol,.mw-parser-output .hlist.inline ul,.mw-parser-output .hlist dl dl,.mw-parser-output .hlist dl ol,.mw-parser-output .hlist dl ul,.mw-parser-output .hlist ol dl,.mw-parser-output .hlist ol ol,.mw-parser-output .hlist ol ul,.mw-parser-output .hlist ul dl,.mw-parser-output .hlist ul ol,.mw-parser-output .hlist ul ul{display:inline}.mw-parser-output .hlist .mw-empty-li{display:none}.mw-parser-output .hlist dt::after{content:"": ""}.mw-parser-output .hlist dd::after,.mw-parser-output .hlist li::after{content:""\a0 · "";font-weight:bold}.mw-parser-output .hlist dd:last-child::after,.mw-parser-output .hlist dt:last-child::after,.mw-parser-output .hlist li:last-child::after{content:none}.mw-parser-output .hlist dd dd:first-child::before,.mw-parser-output .hlist dd dt:first-child::before,.mw-parser-output .hlist dd li:first-child::before,.mw-parser-output .hlist dt dd:first-child::before,.mw-parser-output .hlist dt dt:first-child::before,.mw-parser-output .hlist dt li:first-child::before,.mw-parser-output .hlist li dd:first-child::before,.mw-parser-output .hlist li dt:first-child::before,.mw-parser-output .hlist li li:first-child::before{content:"" ("";font-weight:normal}.mw-parser-output .hlist dd dd:last-child::after,.mw-parser-output .hlist dd dt:last-child::after,.mw-parser-output .hlist dd li:last-child::after,.mw-parser-output .hlist dt dd:last-child::after,.mw-parser-output .hlist dt dt:last-child::after,.mw-parser-output .hlist dt li:last-child::after,.mw-parser-output .hlist li dd:last-child::after,.mw-parser-output .hlist li dt:last-child::after,.mw-parser-output .hlist li li:last-child::after{content:"")"";font-weight:normal}.mw-parser-output .hlist ol{counter-reset:listitem}.mw-parser-output .hlist ol>li{counter-increment:listitem}.mw-parser-output .hlist ol>li::before{content:"" ""counter(listitem)""\a0 ""}.mw-parser-output .hlist dd ol>li:first-child::before,.mw-parser-output .hlist dt ol>li:first-child::before,.mw-parser-output .hlist li ol>li:first-child::before{content:"" (""counter(listitem)""\a0 ""}
Politician
General Practitioner"
Hon Dr Shane Reti,Shane Reti,Personal details,Website,https://shanereti.national.org.nz
Hon Dr Shane Reti,Shane Reti,Military service,Allegiance,New Zealand
Hon Dr Shane Reti,Shane Reti,Military service,Branch/service,New Zealand Army
Hon Dr Shane Reti,Shane Reti,Military service,Years of service,1983–1987
Hon Dr Shane Reti,Shane Reti,Military service,Unit,Territorial Force
Hon Mark Patterson,Mark Patterson (New Zealand politician),"The Honourable
Mark Patterson
MP",Dates,Patterson in 2019
Hon Mark Patterson,Mark Patterson (New Zealand politician),"Member of the New Zealand Parliament
for New Zealand First party list",Dates,Incumbent
Hon Mark Patterson,Mark Patterson (New Zealand politician),"Member of the New Zealand Parliament
for New Zealand First party list",Dates,"Assumed office
14 October 2023"
Hon Mark Patterson,Mark Patterson (New Zealand politician),"Member of the New Zealand Parliament
for New Zealand First party list",Dates,"In office
23 September 2017 – 17 October 2020"
Hon Mark Patterson,Mark Patterson (New Zealand politician),3rd Minister for Rural Communities,Dates,Incumbent
Hon Mark Patterson,Mark Patterson (New Zealand politician),3rd Minister for Rural Communities,Dates,"Assumed office
27 November 2023"
Hon Mark Patterson,Mark Patterson (New Zealand politician),3rd Minister for Rural Communities,Prime Minister,Christopher Luxon
Hon Mark Patterson,Mark Patterson (New Zealand politician),3rd Minister for Rural Communities,Preceded by,Kieran McAnulty
Hon Mark Patterson,Mark Patterson (New Zealand politician),Personal details,Born,"Mark William James Patterson
1970 (age 55–56)"
Hon Mark Patterson,Mark Patterson (New Zealand politician),Personal details,Party,New Zealand First (2015–present)
Hon Mark Patterson,Mark Patterson (New Zealand politician),Personal details,"Other political
affiliations",National (2007–2015)
Hon Simeon Brown,Simeon Brown,"The Honourable
Simeon Brown
MP",Dates,Brown in 2023
Hon Simeon Brown,Simeon Brown,45th Minister of Health,Dates,Incumbent
Hon Simeon Brown,Simeon Brown,45th Minister of Health,Dates,"Assumed office
24 January 2025"
Hon Simeon Brown,Simeon Brown,45th Minister of Health,Prime Minister,Christopher Luxon
Hon Simeon Brown,Simeon Brown,45th Minister of Health,Preceded by,Shane Reti
Hon Simeon Brown,Simeon Brown,19th Minister for State Owned Enterprises,Dates,Incumbent
Hon Simeon Brown,Simeon Brown,19th Minister for State Owned Enterprises,Dates,"Assumed office
24 January 2025"
Hon Simeon Brown,Simeon Brown,19th Minister for State Owned Enterprises,Prime Minister,Christopher Luxon
Hon Simeon Brown,Simeon Brown,19th Minister for State Owned Enterprises,Preceded by,Paul Goldsmith
Hon Simeon Brown,Simeon Brown,18th Minister for Energy,Dates,Incumbent
Hon Simeon Brown,Simeon Brown,18th Minister for Energy,Dates,"Assumed office
7 April 2026"
Hon Simeon Brown,Simeon Brown,18th Minister for Energy,Prime Minister,Christopher Luxon
Hon Simeon Brown,Simeon Brown,18th Minister for Energy,Preceded by,Simon Watts
Hon Simeon Brown,Simeon Brown,18th Minister for Energy,Dates,"In office
27 November 2023 – 24 January 2025"
Hon Simeon Brown,Simeon Brown,18th Minister for Energy,Preceded by,Megan Woods
Hon Simeon Brown,Simeon Brown,18th Minister for Energy,Succeeded by,Simon Watts
Hon Simeon Brown,Simeon Brown,4th Minister for Auckland,Dates,"In office
27 November 2023 – 7 April 2026"
Hon Simeon Brown,Simeon Brown,4th Minister for Auckland,Prime Minister,Christopher Luxon
Hon Simeon Brown,Simeon Brown,4th Minister for Auckland,Preceded by,Carmel Sepuloni
Hon Simeon Brown,Simeon Brown,4th Minister for Auckland,Succeeded by,Simon Watts
Hon Simeon Brown,Simeon Brown,29th Minister of Transport,Dates,"In office
27 November 2023 – 24 January 2025"
Hon Simeon Brown,Simeon Brown,29th Minister of Transport,Prime Minister,Christopher Luxon
Hon Simeon Brown,Simeon Brown,29th Minister of Transport,Preceded by,David Parker
Hon Simeon Brown,Simeon Brown,29th Minister of Transport,Succeeded by,Chris Bishop
Hon Simeon Brown,Simeon Brown,22nd Minister of Local Government,Dates,"In office
27 November 2023 – 24 January 2025"
Hon Simeon Brown,Simeon Brown,22nd Minister of Local Government,Prime Minister,Christopher Luxon
Hon Simeon Brown,Simeon Brown,22nd Minister of Local Government,Preceded by,Kieran McAnulty
Hon Simeon Brown,Simeon Brown,22nd Minister of Local Government,Succeeded by,Simon Watts
Hon Simeon Brown,Simeon Brown,"Member of the New Zealand Parliament
for Pakuranga",Dates,Incumbent
Hon Simeon Brown,Simeon Brown,"Member of the New Zealand Parliament
for Pakuranga",Dates,"Assumed office
23 September 2017"
Hon Simeon Brown,Simeon Brown,"Member of the New Zealand Parliament
for Pakuranga",Preceded by,Maurice Williamson
Hon Simeon Brown,Simeon Brown,"Member of the New Zealand Parliament
for Pakuranga",Majority,"10,050 (2020)"
Hon Simeon Brown,Simeon Brown,Personal details,Born,"(1991-04-08)8 April 1991(age 35)

Rotorua, New Zealand[1]"
Hon Simeon Brown,Simeon Brown,Personal details,Party,National
Hon Simeon Brown,Simeon Brown,Personal details,Alma mater,University of Auckland
Hon Simeon Brown,Simeon Brown,Personal details,Website,simeonbrown.co.nz
Hon Shane Jones,Shane Jones,"The Honourable
Shane Jones
MP",Dates,Jones in April 2018
Hon Shane Jones,Shane Jones,14th Minister for Oceans and Fisheries,Dates,Incumbent
Hon Shane Jones,Shane Jones,14th Minister for Oceans and Fisheries,Dates,"Assumed office
27 November 2023"
Hon Shane Jones,Shane Jones,14th Minister for Oceans and Fisheries,Prime Minister,Christopher Luxon
Hon Shane Jones,Shane Jones,14th Minister for Oceans and Fisheries,Preceded by,Rachel Brooking
Hon Shane Jones,Shane Jones,6th Deputy Leader of New Zealand First,Dates,Incumbent
Hon Shane Jones,Shane Jones,6th Deputy Leader of New Zealand First,Dates,"Assumed office
17 September 2025"
Hon Shane Jones,Shane Jones,6th Deputy Leader of New Zealand First,Leader,Winston Peters
Hon Shane Jones,Shane Jones,6th Deputy Leader of New Zealand First,Preceded by,Fletcher Tabuteau
Hon Shane Jones,Shane Jones,3rd Minister for Infrastructure,Dates,"In office
26 October 2017 – 6 November 2020"
Hon Shane Jones,Shane Jones,3rd Minister for Infrastructure,Prime Minister,Jacinda Ardern
Hon Shane Jones,Shane Jones,3rd Minister for Infrastructure,Preceded by,Steven Joyce
Hon Shane Jones,Shane Jones,3rd Minister for Infrastructure,Succeeded by,Grant Robertson
Hon Shane Jones,Shane Jones,31st Minister for Forestry,Dates,"In office
26 October 2017 – 6 November 2020"
Hon Shane Jones,Shane Jones,31st Minister for Forestry,Prime Minister,Jacinda Ardern
Hon Shane Jones,Shane Jones,31st Minister for Forestry,Preceded by,Vacant (last held by David Carter)
Hon Shane Jones,Shane Jones,31st Minister for Forestry,Succeeded by,Stuart Nash
Hon Shane Jones,Shane Jones,1st Minister for Regional Economic Development,Dates,"In office
26 October 2017 – 6 November 2020"
Hon Shane Jones,Shane Jones,1st Minister for Regional Economic Development,Prime Minister,Jacinda Ardern
Hon Shane Jones,Shane Jones,1st Minister for Regional Economic Development,Succeeded by,Stuart Nash
Hon Shane Jones,Shane Jones,Minister for Building and Construction,Dates,"In office
31 October 2007 – 19 November 2008"
Hon Shane Jones,Shane Jones,Minister for Building and Construction,Prime Minister,Helen Clark
Hon Shane Jones,Shane Jones,Minister for Building and Construction,Preceded by,Clayton Cosgrove
Hon Shane Jones,Shane Jones,Minister for Building and Construction,Succeeded by,Maurice Williamson
Hon Shane Jones,Shane Jones,"Member of the New Zealand Parliament
for New Zealand First list",Dates,Incumbent
Hon Shane Jones,Shane Jones,"Member of the New Zealand Parliament
for New Zealand First list",Dates,"Assumed office
14 October 2023"
Hon Shane Jones,Shane Jones,"Member of the New Zealand Parliament
for New Zealand First list",Dates,"In office
23 September 2017 – 17 October 2020"
Hon Shane Jones,Shane Jones,"Member of the New Zealand Parliament
for Labour Party list",Dates,"In office
17 September 2005 – 22 May 2014"
Hon Shane Jones,Shane Jones,"Member of the New Zealand Parliament
for Labour Party list",Succeeded by,Kelvin Davis[n 1]
Hon Shane Jones,Shane Jones,Personal details,Born,"(1959-09-03)3 September 1959(age 66)

Awanui, New Zealand"
Hon Shane Jones,Shane Jones,Personal details,Party,NZ First (2017–present)
Hon Shane Jones,Shane Jones,Personal details,"Other political
affiliations",Labour (2005–2017)
Hon Shane Jones,Shane Jones,Personal details,Spouses,".mw-parser-output .plainlist ol,.mw-parser-output .plainlist ul{line-height:inherit;list-style:none;margin:0;padding:0}.mw-parser-output .plainlist ol li,.mw-parser-output .plainlist ul li{margin-bottom:0}
.mw-parser-output .marriage-line-margin2px{line-height:0;margin-bottom:-2px}.mw-parser-output .marriage-line-margin3px{line-height:0;margin-bottom:-3px}.mw-parser-output .marriage-display-inline{display:inline}
Ngāreta Jones
​
(died 2015)​
Dorothy Pumipi
​
(m. 2018)​"
Hon Shane Jones,Shane Jones,Personal details,Children,7
Hon Shane Jones,Shane Jones,Personal details,Alma mater,"Victoria University of Wellington
Harvard Kennedy School"
Rt Hon Christopher Luxon,Christopher Luxon,"The Right Honourable
Christopher Luxon
MP",Dates,"Campaign portrait, 2023"
Rt Hon Christopher Luxon,Christopher Luxon,42nd Prime Minister of New Zealand,Dates,Incumbent
Rt Hon Christopher Luxon,Christopher Luxon,42nd Prime Minister of New Zealand,Dates,"Assumed office
27 November 2023"
Rt Hon Christopher Luxon,Christopher Luxon,42nd Prime Minister of New Zealand,Monarch,Charles III
Rt Hon Christopher Luxon,Christopher Luxon,42nd Prime Minister of New Zealand,Governor-General,Cindy Kiro
Rt Hon Christopher Luxon,Christopher Luxon,42nd Prime Minister of New Zealand,Deputy,"Winston Peters
David Seymour"
Rt Hon Christopher Luxon,Christopher Luxon,42nd Prime Minister of New Zealand,Preceded by,Chris Hipkins
Rt Hon Christopher Luxon,Christopher Luxon,15th Leader of the National Party,Dates,Incumbent
Rt Hon Christopher Luxon,Christopher Luxon,15th Leader of the National Party,Dates,"Assumed office
30 November 2021"
Rt Hon Christopher Luxon,Christopher Luxon,15th Leader of the National Party,Deputy,Nicola Willis
Rt Hon Christopher Luxon,Christopher Luxon,15th Leader of the National Party,Preceded by,Judith Collins
Rt Hon Christopher Luxon,Christopher Luxon,40th Leader of the Opposition,Dates,"In office
30 November 2021 – 27 November 2023"
Rt Hon Christopher Luxon,Christopher Luxon,40th Leader of the Opposition,Prime Minister,"Jacinda Ardern
Chris Hipkins"
Rt Hon Christopher Luxon,Christopher Luxon,40th Leader of the Opposition,Deputy,Nicola Willis
Rt Hon Christopher Luxon,Christopher Luxon,40th Leader of the Opposition,Preceded by,Judith Collins
Rt Hon Christopher Luxon,Christopher Luxon,40th Leader of the Opposition,Succeeded by,Chris Hipkins
Rt Hon Christopher Luxon,Christopher Luxon,"Member of the New Zealand Parliament
for Botany",Dates,Incumbent
Rt Hon Christopher Luxon,Christopher Luxon,"Member of the New Zealand Parliament
for Botany",Dates,"Assumed office
17 October 2020"
Rt Hon Christopher Luxon,Christopher Luxon,"Member of the New Zealand Parliament
for Botany",Preceded by,Jami-Lee Ross
Rt Hon Christopher Luxon,Christopher Luxon,"Member of the New Zealand Parliament
for Botany",Majority,"16,337 (43.91%)"
Rt Hon Christopher Luxon,Christopher Luxon,Personal details,Born,"Christopher Mark Luxon
(1970-07-19)19 July 1970(age 55)

Christchurch, New Zealand"
Rt Hon Christopher Luxon,Christopher Luxon,Personal details,Party,National
Rt Hon Christopher Luxon,Christopher Luxon,Personal details,Spouse,".mw-parser-output .marriage-line-margin2px{line-height:0;margin-bottom:-2px}.mw-parser-output .marriage-line-margin3px{line-height:0;margin-bottom:-3px}.mw-parser-output .marriage-display-inline{display:inline}
Amanda Luxon
​
(m. 1994)​"
Rt Hon Christopher Luxon,Christopher Luxon,Personal details,Children,2
Rt Hon Christopher Luxon,Christopher Luxon,Personal details,Alma mater,University of Canterbury (BCom; MCom)
Rt Hon Christopher Luxon,Christopher Luxon,Personal details,Occupation,".mw-parser-output .hlist dl,.mw-parser-output .hlist ol,.mw-parser-output .hlist ul{margin:0;padding:0}.mw-parser-output .hlist dd,.mw-parser-output .hlist dt,.mw-parser-output .hlist li{margin:0;display:inline}.mw-parser-output .hlist.inline,.mw-parser-output .hlist.inline dl,.mw-parser-output .hlist.inline ol,.mw-parser-output .hlist.inline ul,.mw-parser-output .hlist dl dl,.mw-parser-output .hlist dl ol,.mw-parser-output .hlist dl ul,.mw-parser-output .hlist ol dl,.mw-parser-output .hlist ol ol,.mw-parser-output .hlist ol ul,.mw-parser-output .hlist ul dl,.mw-parser-output .hlist ul ol,.mw-parser-output .hlist ul ul{display:inline}.mw-parser-output .hlist .mw-empty-li{display:none}.mw-parser-output .hlist dt::after{content:"": ""}.mw-parser-output .hlist dd::after,.mw-parser-output .hlist li::after{content:""\a0 · "";font-weight:bold}.mw-parser-output .hlist dd:last-child::after,.mw-parser-output .hlist dt:last-child::after,.mw-parser-output .hlist li:last-child::after{content:none}.mw-parser-output .hlist dd dd:first-child::before,.mw-parser-output .hlist dd dt:first-child::before,.mw-parser-output .hlist dd li:first-child::before,.mw-parser-output .hlist dt dd:first-child::before,.mw-parser-output .hlist dt dt:first-child::before,.mw-parser-output .hlist dt li:first-child::before,.mw-parser-output .hlist li dd:first-child::before,.mw-parser-output .hlist li dt:first-child::before,.mw-parser-output .hlist li li:first-child::before{content:"" ("";font-weight:normal}.mw-parser-output .hlist dd dd:last-child::after,.mw-parser-output .hlist dd dt:last-child::after,.mw-parser-output .hlist dd li:last-child::after,.mw-parser-output .hlist dt dd:last-child::after,.mw-parser-output .hlist dt dt:last-child::after,.mw-parser-output .hlist dt li:last-child::after,.mw-parser-output .hlist li dd:last-child::after,.mw-parser-output .hlist li dt:last-child::after,.mw-parser-output .hlist li li:last-child::after{content:"")"";font-weight:normal}.mw-parser-output .hlist ol{counter-reset:listitem}.mw-parser-output .hlist ol>li{counter-increment:listitem}.mw-parser-output .hlist ol>li::before{content:"" ""counter(listitem)""\a0 ""}.mw-parser-output .hlist dd ol>li:first-child::before,.mw-parser-output .hlist dt ol>li:first-child::before,.mw-parser-output .hlist li ol>li:first-child::before{content:"" (""counter(listitem)""\a0 ""}
Politician
business executive"
Rt Hon Christopher Luxon,Christopher Luxon,Personal details,Dates,".mw-parser-output .side-box{margin:4px 0;box-sizing:border-box;border:1px solid #aaa;font-size:88%;line-height:1.25em;background-color:var(--background-color-interactive-subtle,#f8f9fa);color:inherit;display:flow-root}.mw-parser-output .infobox .side-box{font-size:100%}.mw-parser-output .side-box-abovebelow,.mw-parser-output .side-box-text{padding:0.25em 0.9em}.mw-parser-output .side-box-image{padding:2px 0 2px 0.9em;text-align:center}.mw-parser-output .side-box-imageright{padding:2px 0.9em 2px 0;text-align:center}@media(min-width:500px){.mw-parser-output .side-box-flex{display:flex;align-items:center}.mw-parser-output .side-box-text{flex:1;min-width:0}}@media(min-width:640px){.mw-parser-output .side-box{width:238px}.mw-parser-output .side-box-right{clear:right;float:right;margin-left:1em}.mw-parser-output .side-box-left{margin-right:1em}}.mw-parser-output .listen .side-box-text{line-height:1.1em}.mw-parser-output .listen-plain{border:none;background:transparent}.mw-parser-output .listen-embedded{width:100%;margin:0;border-width:1px 0 0 0;background:transparent}.mw-parser-output .listen-header{padding:2px}.mw-parser-output .listen-embedded .listen-header{padding:2px 0}.mw-parser-output .listen-file-header{padding:4px 0}.mw-parser-output .listen .description{padding-top:2px}.mw-parser-output .listen .mw-tmh-player{max-width:100%}@media(max-width:719px){.mw-parser-output .listen{clear:both}}@media(min-width:720px){.mw-parser-output .listen:not(.listen-noimage){width:320px}.mw-parser-output .listen-left{overflow:visible;float:left}.mw-parser-output .listen-center{float:none;margin-left:auto;margin-right:auto}}
.mw-parser-output .plainlist ol,.mw-parser-output .plainlist ul{line-height:inherit;list-style:none;margin:0;padding:0}.mw-parser-output .plainlist ol li,.mw-parser-output .plainlist ul li{margin-bottom:0}
Luxon's voice
Luxon talking about the Christchurch Call in July 2024"
Hon Chris Penk,Chris Penk,"The Honourable
Chris Penk
MP",Dates,Penk in 2023
Hon Chris Penk,Chris Penk,44th Minister of Defence,Dates,Incumbent
Hon Chris Penk,Chris Penk,44th Minister of Defence,Dates,"Assumed office
7 April 2026"
Hon Chris Penk,Chris Penk,44th Minister of Defence,Leader,Christopher Luxon
Hon Chris Penk,Chris Penk,44th Minister of Defence,Preceded by,Judith Collins
Hon Chris Penk,Chris Penk,10th Minister for Building and Construction,Dates,Incumbent
Hon Chris Penk,Chris Penk,10th Minister for Building and Construction,Dates,"Assumed office
27 November 2023"
Hon Chris Penk,Chris Penk,10th Minister for Building and Construction,Prime Minister,Christopher Luxon
Hon Chris Penk,Chris Penk,10th Minister for Building and Construction,Preceded by,Megan Woods
Hon Chris Penk,Chris Penk,31nd Minister for Veterans,Dates,Incumbent
Hon Chris Penk,Chris Penk,31nd Minister for Veterans,Dates,"Assumed office
27 November 2023"
Hon Chris Penk,Chris Penk,31nd Minister for Veterans,Prime Minister,Christopher Luxon
Hon Chris Penk,Chris Penk,31nd Minister for Veterans,Preceded by,Peeni Henare
Hon Chris Penk,Chris Penk,Minister Responsible for the Government Communications Security Bureau,Dates,Incumbent
Hon Chris Penk,Chris Penk,Minister Responsible for the Government Communications Security Bureau,Dates,"Assumed office
7 April 2026"
Hon Chris Penk,Chris Penk,Minister Responsible for the Government Communications Security Bureau,Prime Minister,Christopher Luxon
Hon Chris Penk,Chris Penk,Minister Responsible for the Government Communications Security Bureau,Preceded by,Judith Collins
Hon Chris Penk,Chris Penk,Minister Responsible for the New Zealand Security Intelligence Service,Dates,Incumbent
Hon Chris Penk,Chris Penk,Minister Responsible for the New Zealand Security Intelligence Service,Dates,"Assumed office
7 April 2026"
Hon Chris Penk,Chris Penk,Minister Responsible for the New Zealand Security Intelligence Service,Prime Minister,Christopher Luxon
Hon Chris Penk,Chris Penk,Minister Responsible for the New Zealand Security Intelligence Service,Preceded by,Judith Collins
Hon Chris Penk,Chris Penk,2nd Minister for Space,Dates,Incumbent
Hon Chris Penk,Chris Penk,2nd Minister for Space,Dates,"Assumed office
7 April 2026"
Hon Chris Penk,Chris Penk,2nd Minister for Space,Prime Minister,Christopher Luxon
Hon Chris Penk,Chris Penk,2nd Minister for Space,Preceded by,Judith Collins
Hon Chris Penk,Chris Penk,Associate Minister for Emergency Management,Dates,Incumbent
Hon Chris Penk,Chris Penk,Associate Minister for Emergency Management,Dates,"Assumed office
7 April 2026"
Hon Chris Penk,Chris Penk,Associate Minister for Emergency Management,Prime Minister,Christopher Luxon
Hon Chris Penk,Chris Penk,18th Minister for Land Information,Dates,"In office
27 November 2023 – 7 April 2026"
Hon Chris Penk,Chris Penk,18th Minister for Land Information,Prime Minister,Christopher Luxon
Hon Chris Penk,Chris Penk,18th Minister for Land Information,Preceded by,Damien O'Connor
Hon Chris Penk,Chris Penk,18th Minister for Land Information,Succeeded by,Mike Butterick
Hon Chris Penk,Chris Penk,2nd Minister for Small Business and Manufacturing,Dates,"In office
24 January 2025 – 7 April 2026"
Hon Chris Penk,Chris Penk,2nd Minister for Small Business and Manufacturing,Prime Minister,Christopher Luxon
Hon Chris Penk,Chris Penk,2nd Minister for Small Business and Manufacturing,Preceded by,Andrew Bayly
Hon Chris Penk,Chris Penk,2nd Minister for Small Business and Manufacturing,Succeeded by,Cameron Brewer
Hon Chris Penk,Chris Penk,Senior Whip of the National Party,Dates,"In office
7 December 2021 – 5 December 2023"
Hon Chris Penk,Chris Penk,Senior Whip of the National Party,Deputy,Maureen Pugh
Hon Chris Penk,Chris Penk,Senior Whip of the National Party,Leader,Christopher Luxon
Hon Chris Penk,Chris Penk,Senior Whip of the National Party,Preceded by,Matt Doocey
Hon Chris Penk,Chris Penk,Senior Whip of the National Party,Succeeded by,Scott Simpson
Hon Chris Penk,Chris Penk,"Member of the New Zealand Parliament
for Kaipara ki Mahurangi
Helensville (2017–2020)",Dates,Incumbent
Hon Chris Penk,Chris Penk,"Member of the New Zealand Parliament
for Kaipara ki Mahurangi
Helensville (2017–2020)",Dates,"Assumed office
23 September 2017"
Hon Chris Penk,Chris Penk,"Member of the New Zealand Parliament
for Kaipara ki Mahurangi
Helensville (2017–2020)",Preceded by,John Key
Hon Chris Penk,Chris Penk,"Member of the New Zealand Parliament
for Kaipara ki Mahurangi
Helensville (2017–2020)",Majority,"4,435"
Hon Chris Penk,Chris Penk,Personal details,Born,"Christopher Aidan Penk
1979 (age 46–47)

Auckland, New Zealand"
Hon Chris Penk,Chris Penk,Personal details,Party,National
Hon Chris Penk,Chris Penk,Personal details,Alma mater,University of Auckland
Hon Scott Simpson,Scott Simpson (politician),"The Honourable
Scott Simpson
MP",Dates,Simpson in 2023
Hon Scott Simpson,Scott Simpson (politician),19th Minister for ACC,Dates,Incumbent
Hon Scott Simpson,Scott Simpson (politician),19th Minister for ACC,Dates,"Assumed office
24 February 2025"
Hon Scott Simpson,Scott Simpson (politician),19th Minister for ACC,Prime Minister,Christopher Luxon
Hon Scott Simpson,Scott Simpson (politician),19th Minister for ACC,Preceded by,Andrew Bayly
Hon Scott Simpson,Scott Simpson (politician),29th & 35th Minister of Statistics,Dates,"In office
2 May 2017 – 26 October 2017"
Hon Scott Simpson,Scott Simpson (politician),29th & 35th Minister of Statistics,Prime Minister,Bill English
Hon Scott Simpson,Scott Simpson (politician),29th & 35th Minister of Statistics,Preceded by,Mark Mitchell
Hon Scott Simpson,Scott Simpson (politician),29th & 35th Minister of Statistics,Dates,Incumbent
Hon Scott Simpson,Scott Simpson (politician),29th & 35th Minister of Statistics,Dates,"Assumed office
2 April 2026"
Hon Scott Simpson,Scott Simpson (politician),29th & 35th Minister of Statistics,Prime Minister,Christopher Luxon
Hon Scott Simpson,Scott Simpson (politician),29th & 35th Minister of Statistics,Preceded by,Shane Reti
Hon Scott Simpson,Scott Simpson (politician),17th Minister of Commerce and Consumer Affairs,Dates,Incumbent
Hon Scott Simpson,Scott Simpson (politician),17th Minister of Commerce and Consumer Affairs,Dates,"Assumed office
24 February 2025"
Hon Scott Simpson,Scott Simpson (politician),17th Minister of Commerce and Consumer Affairs,Prime Minister,Christopher Luxon
Hon Scott Simpson,Scott Simpson (politician),17th Minister of Commerce and Consumer Affairs,Preceded by,Andrew Bayly
Hon Scott Simpson,Scott Simpson (politician),Deputy Leader of the House,Dates,Incumbent
Hon Scott Simpson,Scott Simpson (politician),Deputy Leader of the House,Dates,"Assumed office
2 April 2026"
Hon Scott Simpson,Scott Simpson (politician),Deputy Leader of the House,Prime Minister,Christopher Luxon
Hon Scott Simpson,Scott Simpson (politician),Deputy Leader of the House,Preceded by,Louise Upston
Hon Scott Simpson,Scott Simpson (politician),Chief Government Whip in the House of Representatives,Dates,"In office
5 December 2023 – 4 March 2025"
Hon Scott Simpson,Scott Simpson (politician),Chief Government Whip in the House of Representatives,Prime Minister,Christopher Luxon
Hon Scott Simpson,Scott Simpson (politician),Chief Government Whip in the House of Representatives,Deputy,Suze Redmayne
Hon Scott Simpson,Scott Simpson (politician),Chief Government Whip in the House of Representatives,Preceded by,Tangi Utikere
Hon Scott Simpson,Scott Simpson (politician),Chief Government Whip in the House of Representatives,Succeeded by,Stuart Smith
Hon Scott Simpson,Scott Simpson (politician),"Member of the New Zealand Parliament
for Coromandel",Dates,Incumbent
Hon Scott Simpson,Scott Simpson (politician),"Member of the New Zealand Parliament
for Coromandel",Dates,"Assumed office
26 November 2011"
Hon Scott Simpson,Scott Simpson (politician),"Member of the New Zealand Parliament
for Coromandel",Preceded by,Sandra Goudie
Hon Scott Simpson,Scott Simpson (politician),"Member of the New Zealand Parliament
for Coromandel",Majority,"14,596"
Hon Scott Simpson,Scott Simpson (politician),Personal details,Born,"Scott Anthony Simpson
(1959-11-04) 4 November 1959 (age 66)"
Hon Scott Simpson,Scott Simpson (politician),Personal details,Party,National Party
Hon Scott Simpson,Scott Simpson (politician),Personal details,Spouse,".mw-parser-output .marriage-line-margin2px{line-height:0;margin-bottom:-2px}.mw-parser-output .marriage-line-margin3px{line-height:0;margin-bottom:-3px}.mw-parser-output .marriage-display-inline{display:inline}
Desley Simpson
​
(divorced)​"
Hon Scott Simpson,Scott Simpson (politician),Personal details,Occupation,Politician
Hon Louise Upston,Louise Upston,"The Honourable
Louise Upston
MP",Dates,Upston in 2023
Hon Louise Upston,Louise Upston,28th Minister for Social Development and Employment,Dates,Incumbent
Hon Louise Upston,Louise Upston,28th Minister for Social Development and Employment,Dates,"Assumed office
27 November 2023"
Hon Louise Upston,Louise Upston,28th Minister for Social Development and Employment,Prime Minister,Christopher Luxon
Hon Louise Upston,Louise Upston,28th Minister for Social Development and Employment,Preceded by,Carmel Sepuloni
Hon Louise Upston,Louise Upston,40th Minister for Tourism and Hospitality,Dates,Incumbent
Hon Louise Upston,Louise Upston,40th Minister for Tourism and Hospitality,Dates,"Assumed office
24 January 2025"
Hon Louise Upston,Louise Upston,40th Minister for Tourism and Hospitality,Prime Minister,Christopher Luxon
Hon Louise Upston,Louise Upston,40th Minister for Tourism and Hospitality,Preceded by,Matt Doocey
Hon Louise Upston,Louise Upston,13th Minister of Corrections,Dates,"In office
20 December 2016 – 26 October 2017"
Hon Louise Upston,Louise Upston,13th Minister of Corrections,Prime Minister,Bill English
Hon Louise Upston,Louise Upston,13th Minister of Corrections,Preceded by,Judith Collins
Hon Louise Upston,Louise Upston,13th Minister of Corrections,Succeeded by,Kelvin Davis
Hon Louise Upston,Louise Upston,14th Minister for Land Information,Dates,"In office
6 October 2014 – 20 December 2016"
Hon Louise Upston,Louise Upston,14th Minister for Land Information,Prime Minister,"John Key
Bill English"
Hon Louise Upston,Louise Upston,14th Minister for Land Information,Preceded by,Michael Woodhouse
Hon Louise Upston,Louise Upston,14th Minister for Land Information,Succeeded by,Mark Mitchell
Hon Louise Upston,Louise Upston,13th Minister for Women,Dates,"In office
8 October 2014 – 20 December 2016"
Hon Louise Upston,Louise Upston,13th Minister for Women,Prime Minister,"John Key
Bill English"
Hon Louise Upston,Louise Upston,13th Minister for Women,Preceded by,Jo Goodhew
Hon Louise Upston,Louise Upston,13th Minister for Women,Succeeded by,Paula Bennett
Hon Louise Upston,Louise Upston,Senior Government Whip,Dates,"In office
29 January 2013 – 7 October 2014"
Hon Louise Upston,Louise Upston,Senior Government Whip,Prime Minister,John Key
Hon Louise Upston,Louise Upston,Senior Government Whip,Preceded by,Michael Woodhouse
Hon Louise Upston,Louise Upston,Senior Government Whip,Succeeded by,Tim Macindoe
Hon Louise Upston,Louise Upston,14th Leader of the House,Dates,Incumbent
Hon Louise Upston,Louise Upston,14th Leader of the House,Dates,"Assumed office
7 April 2026"
Hon Louise Upston,Louise Upston,14th Leader of the House,Prime Minister,Christopher Luxon
Hon Louise Upston,Louise Upston,14th Leader of the House,Preceded by,Chris Bishop
Hon Louise Upston,Louise Upston,"Member of the New Zealand Parliament
for Taupō",Dates,Incumbent
Hon Louise Upston,Louise Upston,"Member of the New Zealand Parliament
for Taupō",Dates,"Assumed office
8 November 2008"
Hon Louise Upston,Louise Upston,"Member of the New Zealand Parliament
for Taupō",Preceded by,Mark Burton
Hon Louise Upston,Louise Upston,Personal details,Born,"Louise Claire McGill
(1971-03-14)14 March 1971(age 55)[1]

North Shore, New Zealand"
Hon Louise Upston,Louise Upston,Personal details,Party,National
Hon Louise Upston,Louise Upston,Personal details,Spouse,".mw-parser-output .marriage-line-margin2px{line-height:0;margin-bottom:-2px}.mw-parser-output .marriage-line-margin3px{line-height:0;margin-bottom:-3px}.mw-parser-output .marriage-display-inline{display:inline}
Hamish Craig
​
(m. 2025)​"
Hon Louise Upston,Louise Upston,Personal details,Children,3
Hon Louise Upston,Louise Upston,Personal details,Website,www.louiseupston.co.nz
Hon Erica Stanford,Erica Stanford,"The Honourable
Erica Stanford
MP",Dates,Stanford in 2023
Hon Erica Stanford,Erica Stanford,49th Minister of Education,Dates,Incumbent
Hon Erica Stanford,Erica Stanford,49th Minister of Education,Dates,"Assumed office
27 November 2023"
Hon Erica Stanford,Erica Stanford,49th Minister of Education,Prime Minister,Christopher Luxon
Hon Erica Stanford,Erica Stanford,49th Minister of Education,Preceded by,Jan Tinetti
Hon Erica Stanford,Erica Stanford,60th Minister of Immigration,Dates,Incumbent
Hon Erica Stanford,Erica Stanford,60th Minister of Immigration,Dates,"Assumed office
27 November 2023"
Hon Erica Stanford,Erica Stanford,60th Minister of Immigration,Prime Minister,Christopher Luxon
Hon Erica Stanford,Erica Stanford,60th Minister of Immigration,Preceded by,Andrew Little
Hon Erica Stanford,Erica Stanford,1st Minister Responsible for The Royal Commission of Inquiry into Abuse in Care,Dates,Incumbent
Hon Erica Stanford,Erica Stanford,1st Minister Responsible for The Royal Commission of Inquiry into Abuse in Care,Dates,"Assumed office
26 January 2024"
Hon Erica Stanford,Erica Stanford,1st Minister Responsible for The Royal Commission of Inquiry into Abuse in Care,Prime Minister,Christopher Luxon
Hon Erica Stanford,Erica Stanford,1st Minister Responsible for The Royal Commission of Inquiry into Abuse in Care,Preceded by,Jan Tinetti (as Minister of Internal Affairs)
Hon Erica Stanford,Erica Stanford,"Member of the New Zealand Parliament
for East Coast Bays",Dates,Incumbent
Hon Erica Stanford,Erica Stanford,"Member of the New Zealand Parliament
for East Coast Bays",Dates,"Assumed office
23 September 2017"
Hon Erica Stanford,Erica Stanford,"Member of the New Zealand Parliament
for East Coast Bays",Preceded by,Murray McCully
Hon Erica Stanford,Erica Stanford,"Member of the New Zealand Parliament
for East Coast Bays",Majority,"8,764"
Hon Erica Stanford,Erica Stanford,Personal details,Born,"Erica Louise Poppelbaum
1978 (age 47–48)"
Hon Erica Stanford,Erica Stanford,Personal details,Party,National
Hon Erica Stanford,Erica Stanford,Personal details,Spouse,Kane Stanford
Hon Erica Stanford,Erica Stanford,Personal details,Children,2
Hon Erica Stanford,Erica Stanford,Personal details,Website,ericastanford.national.org.nz
Hon Tama Potaka,Tama Potaka,"The Honourable
Tama Potaka
MP",Dates,Potaka in 2023
Hon Tama Potaka,Tama Potaka,46th Minister for Māori Development,Dates,Incumbent
Hon Tama Potaka,Tama Potaka,46th Minister for Māori Development,Dates,"Assumed office
27 November 2023"
Hon Tama Potaka,Tama Potaka,46th Minister for Māori Development,Prime Minister,Christopher Luxon
Hon Tama Potaka,Tama Potaka,46th Minister for Māori Development,Preceded by,Willie Jackson
Hon Tama Potaka,Tama Potaka,17th Minister of Conservation,Dates,Incumbent
Hon Tama Potaka,Tama Potaka,17th Minister of Conservation,Dates,"Assumed office
27 November 2023"
Hon Tama Potaka,Tama Potaka,17th Minister of Conservation,Prime Minister,Christopher Luxon
Hon Tama Potaka,Tama Potaka,17th Minister of Conservation,Preceded by,Willow-Jean Prime
Hon Tama Potaka,Tama Potaka,Member of the New Zealand Parliament for Hamilton West,Dates,Incumbent
Hon Tama Potaka,Tama Potaka,Member of the New Zealand Parliament for Hamilton West,Dates,"Assumed office
10 December 2022"
Hon Tama Potaka,Tama Potaka,Member of the New Zealand Parliament for Hamilton West,Preceded by,Gaurav Sharma
Hon Tama Potaka,Tama Potaka,Member of the New Zealand Parliament for Hamilton West,Majority,"2,433"
Hon Tama Potaka,Tama Potaka,Personal details,Born,"Tama William Potaka
(1976-01-08)8 January 1976(age 50)

Raetihi, New Zealand"
Hon Tama Potaka,Tama Potaka,Personal details,Party,National
Hon Tama Potaka,Tama Potaka,Personal details,Spouse,".mw-parser-output .marriage-line-margin2px{line-height:0;margin-bottom:-2px}.mw-parser-output .marriage-line-margin3px{line-height:0;margin-bottom:-3px}.mw-parser-output .marriage-display-inline{display:inline}
Ariana Paul
​
(m. 2008)​"
Hon Tama Potaka,Tama Potaka,Personal details,Children,3
Hon Tama Potaka,Tama Potaka,Personal details,Alma mater,"Victoria University of Wellington
Columbia University"
